Q1,address=Bergamo
Q2,address=Crotone
Q3,occupation=Radio Operator
Q4,address=Fermo
Q5,occupation=Teller
Q6,address=Imperia
Q7,occupation=Aerobics Instructor
Q8,age=77
Q9,occupation=Textile Knitting and Weaving Machine Setter
Q10,address=Cremona
Q11,occupation=Forest and Conservation Worker
Q12,address=Belluno
Q13,age=59
Q14,name=Lorenza
Q15,age=27
Q16,address=Vicenza
Q17,address=Novara
Q18,age=81
Q19,address=Bari
Q20,address=Bologna
Q21,occupation=Computer Occupation
Q22,name=Joya
Q23,name=Marrissa
Q24,age=22
Q25,occupation=Wildlife Biologist
Q26,age=84
Q27,age=49
Q28,name=Milly
Q29,address=Foggia
Q30,address=Bergamo
Q31,address=Matera,age=28
Q32,address=Rieti,age=40
Q33,age=53
Q34,age=89
Q35,age=36
Q36,age=57
Q37,name=Mariska
Q38,occupation=Oral and Maxillofacial Surgeon
Q39,address=Potenza
Q40,address=Brescia
Q41,occupation=Cooling and Freezing Equipment Operator
Q42,age=43
Q43,address=Nuoro
Q44,occupation=Graphic Designer
Q45,address=Bari
Q46,occupation=Cutting and Slicing Machine Setter
Q47,age=40
Q48,age=92
Q49,occupation=Farm Labor Contractor
Q50,age=25
Q51,address=Ravenna
Q52,occupation=Tender
Q53,address=Firenze
Q54,age=56
Q55,age=66
Q56,occupation=Extruding
Q57,occupation=Vocational Education Teacher
Q58,age=57
Q59,age=75
Q60,age=25
Q61,address=Cagliari,age=47
Q62,age=21
Q63,age=84
Q64,occupation=Other Construction Equipment Operator
Q65,address=Palermo
Q66,occupation=Pedicurist
Q67,age=90
Q68,name=Darcee
Q69,address=Como
Q70,address=Treviso
Q71,address=Cosenza
Q72,address=Benevento,age=62
Q73,age=73
Q74,address=Terni
Q75,age=78
Q76,age=95
Q77,age=58
Q78,age=91
Q79,occupation=Forging Machine Setter
Q80,age=52,occupation=Photographic Process Worker
Q81,address=Ferrara
Q82,age=84
Q83,address=Medio Campidano
Q84,age=50
Q85,occupation=Sales Manager
Q86,age=41
Q87,age=66
Q88,name=Hynda
Q89,age=54
Q90,address=Macerata
Q91,occupation=Railroad Brake
Q92,occupation=Management Occupation
Q93,occupation=Child
Q94,address=Rieti
Q95,age=39
Q96,age=71
Q97,age=31
Q98,age=33
Q99,age=31
Q100,address=Brescia
Q101,address=Aosta
Q102,age=52
Q103,address=Foggia
Q104,name=Rosalie
Q105,address=Napoli
Q106,name=Rivkah
Q107,address=Bari
Q108,name=Athene
Q109,occupation=Trimmer
Q110,address=Messina,occupation=Media and Communication Worker
Q111,address=Livorno
Q112,occupation=Adult Basic and Secondary Education and Literacy Teacher
Q113,age=50
Q114,occupation=Technician
Q115,age=69
Q116,age=57
Q117,age=83
Q118,occupation=Healthcare Support Worker
Q119,address=Rimini
Q120,address=Rovigo
Q121,occupation=Railroad Conductor
Q122,age=70
Q123,age=69
Q124,age=91
Q125,age=35
Q126,address=Campobasso
Q127,address=Vercelli
Q128,address=Udine
Q129,age=92
Q130,name=Audre
Q131,occupation=Conservation Scientist
Q132,age=50
Q133,address=Latina,age=64
Q134,age=76
Q135,address=Aosta
Q136,address=Napoli
Q137,age=91
Q138,age=52
Q139,address=Terni
Q140,occupation=Prosthetist
Q141,occupation=Security Guard
Q142,age=36
Q143,address=Cosenza
Q144,age=19
Q145,age=36
Q146,age=69
Q147,address=Olbia-Tempio
Q148,address=Rieti,age=33
Q149,address=Potenza
Q150,age=31
Q151,address=Pisa,age=74
Q152,address=Pisa
Q153,age=66
Q154,address=Nuoro
Q155,occupation=Electronic Equipment Installer
Q156,occupation=Insurance Appraiser
Q157,address=Siracusa
Q158,address=Messina,age=42
Q159,age=68
Q160,occupation=Interior Designer
Q161,occupation=Amusement and Recreation Attendant
Q162,occupation=Logisticians
Q163,address=Parma
Q164,age=81
Q165,age=19
Q166,age=62
Q167,address=Cosenza
Q168,occupation=Dietitian
Q169,age=25
Q170,age=52
Q171,age=25
Q172,name=Vivianne,age=21
Q173,age=44
Q174,age=78
Q175,age=71
Q176,address=Frosinone
Q177,age=46
Q178,occupation=Information and Record Clerk
Q179,occupation=Postmaster
Q180,age=83
Q181,address=Rieti
Q182,occupation=Audio and Video Equipment Technician
Q183,occupation=Textile Cutting Machine Setter
Q184,age=39
Q185,occupation=Radio and Television Announcer
Q186,name=Evania
Q187,name=Korrie
Q188,address=Bergamo
Q189,occupation=Extraction Worker
Q190,age=67
Q191,age=60
Q192,age=38
Q193,age=49
Q194,address=Bergamo
Q195,address=Latina
Q196,address=Foggia
Q197,age=19
Q198,address=Lucca
Q199,occupation=Caster
Q200,occupation=Entertainment Attendant
Q201,age=38
Q202,age=52
Q203,age=76
Q204,address=Firenze
Q205,occupation=Insulation Worker
Q206,age=21
Q207,address=Verbano-Cusio-Ossola
Q208,occupation=Wellhead Pumper
Q209,age=49
Q210,occupation=Industrial Machinery Mechanic
Q211,occupation=Dining Room and Cafeteria Attendant
Q212,address=Fermo
Q213,age=18
Q214,age=25
Q215,address=Piacenza
Q216,occupation=Packaging and Filling Machine Operator
Q217,age=68
Q218,age=22
Q219,age=53
Q220,address=Latina
Q221,age=48
Q222,address=Pavia
Q223,address=Genova
Q224,occupation=Motorcycle Mechanic
Q225,address=Benevento
Q226,address=Ascoli Piceno
Q227,name=Cinderella
Q228,address=Piacenza
Q229,address=Pescara
Q230,occupation=Window Trimmer
Q231,occupation=Security and Fire Alarm Systems Installer
Q232,address=Salerno
Q233,age=62
Q234,age=61
Q235,address=Foggia
Q236,age=82
Q237,age=39
Q238,occupation=Pile-Driver Operator
Q239,age=22
Q240,address=Campobasso
Q241,age=79
Q242,age=48
Q243,age=93
Q244,age=33
Q245,age=24
Q246,age=95
Q247,age=63
Q248,age=54
Q249,age=68
Q250,age=32,occupation=Tender
Q251,address=Bolzano
Q252,age=19
Q253,age=20
Q254,age=46
Q255,address=Napoli,age=91
Q256,address=Trento
Q257,address=Rieti
Q258,occupation=Orthodontist
Q259,age=92
Q260,age=55
Q261,occupation=Timing Device Assembler
Q262,address=Cosenza
Q263,age=46
Q264,address=Vibo Valentia
Q265,address=Varese
Q266,age=79
Q267,age=21
Q268,age=25
Q269,occupation=Communications Equipment Operator
Q270,age=25
Q271,age=74
Q272,age=39
Q273,age=22
Q274,address=Lucca
Q275,occupation=Electronic Equipment Installer
Q276,address=Fermo
Q277,occupation=Model Maker
Q278,address=Torino
Q279,age=57
Q280,age=40
Q281,age=22
Q282,name=Lolly
Q283,name=Marybeth
Q284,age=66
Q285,age=22
Q286,occupation=Machine Feeder
Q287,address=Perugia
Q288,address=Brindisi
Q289,age=74
Q290,occupation=Forensic Science Technician
Q291,age=23
Q292,address=Nuoro
Q293,address=Monza e della Brianza
Q294,occupation=Optometrist
Q295,name=Michelina
Q296,age=30
Q297,address=Varese
Q298,address=L'Aquila
Q299,occupation=Appraiser
Q300,address=Vicenza
Q301,occupation=Team Assembler
Q302,age=42
Q303,occupation=Community and Social Service Occupation
Q304,age=91
Q305,address=Monza e della Brianza
Q306,address=Carbonia-Iglesias
Q307,age=67
Q308,age=85
Q309,age=92
Q310,age=36
Q311,address=Macerata
Q312,age=56
Q313,age=64
Q314,age=26
Q315,address=Rovigo,age=67
Q316,age=70
Q317,occupation=Sewer
Q318,age=41
Q319,occupation=Investigator
Q320,name=Teresa
Q321,occupation=Mine Cutting and Channeling Machine Operator
Q322,occupation=Biophysicist
Q323,occupation=Dancer
Q324,age=71
Q325,occupation=Insurance Underwriter
Q326,occupation=Industrial Engineer
Q327,occupation=Coache
Q328,occupation=Clinical
Q329,occupation=First-Line Supervisors of Police and Detective
Q330,address=Pesaro e Urbino
Q331,age=34
Q332,occupation=Judicial Law Clerk
Q333,address=Crotone
Q334,occupation=Statistical Assistant
Q335,occupation=Textile Cutting Machine Setter
Q336,occupation=Wellhead Pumper
Q337,occupation=Electro-Mechanical Technician
Q338,occupation=Repairer
Q339,age=29
Q340,name=Danyelle
Q341,address=Treviso
Q342,age=78
Q343,address=Cosenza
Q344,address=Foggia
Q345,age=33,occupation=Electrician
Q346,occupation=Buyer
Q347,age=52
Q348,address=Prato
Q349,name=Leonora
Q350,address=Ancona
Q351,age=54
Q352,occupation=Forensic Science Technician
Q353,address=Potenza
Q354,occupation=Cook
Q355,occupation=Legal Occupation
Q356,name=Tilda
Q357,occupation=Zoologist
Q358,address=Ragusa
Q359,address=Cosenza
Q360,age=56
Q361,age=55
Q362,address=Rovigo
Q363,address=Lucca
Q364,address=Olbia-Tempio
Q365,age=81
Q366,age=64
Q367,address=Venezia
Q368,age=77
Q369,address=Pisa
Q370,age=69
Q371,address=La Spezia
Q372,age=51
Q373,address=Sassari
Q374,address=Ancona
Q375,address=Piacenza
Q376,age=51
Q377,age=95
Q378,address=Trapani
Q379,age=30
Q380,address=Varese
Q381,age=28
Q382,age=49
Q383,age=54
Q384,age=46
Q385,address=Benevento
Q386,occupation=Financial Specialist
Q387,occupation=Personal Care and Service Worker
Q388,age=28
Q389,address=Monza e della Brianza
Q390,address=Ferrara
Q391,address=Messina
Q392,occupation=Performer
Q393,age=77
Q394,address=Parma
Q395,age=93
Q396,age=64
Q397,age=35
Q398,occupation=Engineering Teacher
Q399,age=46
Q400,address=La Spezia
Q401,age=84
Q402,address=Napoli
Q403,occupation=Fine Artist
Q404,address=Monza e della Brianza
Q405,age=90,occupation=Farming
Q406,name=Bevvy
Q407,address=Reggio Emilia
Q408,address=Vibo Valentia
Q409,address=Potenza
Q410,address=Ascoli Piceno
Q411,address=Trieste
Q412,name=Karlen
Q413,address=Ascoli Piceno
Q414,occupation=Refractory Materials Repairer
Q415,age=95
Q416,address=Savona
Q417,age=61
Q418,address=Genova
Q419,name=Yovonnda
Q420,age=63
Q421,address=Novara
Q422,name=Naoma
Q423,occupation=Appraiser
Q424,occupation=Vocational Education Teacher
Q425,occupation=Maintenance and Repair Worker
Q426,name=Joey
Q427,occupation=Skincare Specialist
Q428,address=Biella
Q429,age=58
Q430,address=Lucca
Q431,address=Varese
Q432,address=Taranto
Q433,age=74
Q434,address=Vicenza
Q435,address=Pisa
Q436,age=20
Q437,address=Bologna
Q438,address=Belluno
Q439,name=Jillana
Q440,address=Pescara
Q441,occupation=Occupational Health and Safety Technician
Q442,occupation=Fiberglass Laminator
Q443,address=Nuoro
Q444,age=31
Q445,address=Fermo
Q446,occupation=Choreographer
Q447,age=89
Q448,occupation=Criminal Justice and Law Enforcement Teacher
Q449,address=Reggio Calabria,age=33
Q450,age=20
Q451,address=Prato
Q452,occupation=Cooling and Freezing Equipment Operator
Q453,address=Modena
Q454,address=Ascoli Piceno
Q455,address=Ancona
Q456,occupation=Rail-Track Laying and Maintenance Equipment Operator
Q457,name=Vere
Q458,address=Bologna
Q459,occupation=Tire Builder
Q460,address=Aosta
Q461,age=76
Q462,age=49
Q463,address=Treviso
Q464,age=19
Q465,address=Novara,age=90
Q466,age=29
Q467,address=Terni
Q468,address=Medio Campidano
Q469,address=Pordenone
Q470,occupation=Electrician
Q471,address=Pavia,age=20
Q472,age=80
Q473,occupation=Dining Room and Cafeteria Attendant
Q474,address=Foggia
Q475,name=Loleta
Q476,address=Oristano
Q477,age=70
Q478,address=Vicenza
Q479,age=39
Q480,occupation=Financial Analyst
Q481,address=Pesaro e Urbino
Q482,address=Ancona
Q483,occupation=Aerospace Engineering and Operations Technician
Q484,age=65
Q485,occupation=Set and Exhibit Designer
Q486,name=Viva
Q487,age=65
Q488,address=La Spezia
Q489,address=Siena
Q490,age=84
Q491,address=Rieti
Q492,occupation=Fashion Designer
Q493,age=72
Q494,name=Donnamarie
Q495,address=Arezzo,age=63
Q496,name=Kelsy
Q497,occupation=Dentist
Q498,age=86
Q499,occupation=Hydrologist
Q500,age=52
Q501,age=72
Q502,age=68
Q503,address=Pavia,age=19
Q504,address=Barletta-Andria-Trani
Q505,address=Ragusa
Q506,age=21
Q507,occupation=Director
Q508,age=76
Q509,address=Lecco
Q510,address=Oristano,age=24
Q511,address=Olbia-Tempio
Q512,age=80
Q513,name=Nanette
Q514,address=Macerata
Q515,age=30
Q516,age=60
Q517,age=75
Q518,address=Monza e della Brianza,age=51
Q519,occupation=Office Clerk
Q520,occupation=Machine Feeder
Q521,address=Oristano
Q522,address=Pistoia
Q523,age=57
Q524,address=Udine
Q525,address=Lecco
Q526,name=Sabra
Q527,address=L'Aquila
Q528,address=Asti
Q529,address=Modena
Q530,name=Rachelle
Q531,age=80
Q532,occupation=Repairer
Q533,age=45
Q534,age=29
Q535,occupation=Brickmason
Q536,occupation=Surgeon
Q537,address=Bologna
Q538,occupation=Clinical
Q539,address=Parma
Q540,age=47
Q541,name=Cami
Q542,occupation=Purchasing Agent
Q543,age=84
Q544,address=Teramo
Q545,occupation=Pile-Driver Operator
Q546,address=Milano
Q547,age=87
Q548,age=93
Q549,age=53
Q550,age=53
Q551,address=Bologna
Q552,occupation=Dishwasher
Q553,age=38
Q554,occupation=Marine Engineer
Q555,address=Ogliastra
Q556,age=72
Q557,name=Jami
Q558,address=Carbonia-Iglesias
Q559,occupation=Telephone Operator
Q560,name=Helen-Elizabeth
Q561,occupation=Personal Care and Service Worker
Q562,address=Genova
Q563,address=Sassari
Q564,address=Milano
Q565,age=82
Q566,address=Terni
Q567,age=30
Q568,address=Verbano-Cusio-Ossola
Q569,occupation=Service Technician
Q570,occupation=First-Line Supervisors of Fire Fighting and Prevention Worker
Q571,address=Siena
Q572,occupation=Bill and Account Collector
Q573,address=Ogliastra
Q574,occupation=Psychology Teacher
Q575,name=Tori
Q576,address=Palermo
Q577,address=Ogliastra
Q578,age=44
Q579,age=60
Q580,age=52
Q581,name=Karlyn
Q582,age=51
Q583,address=Gorizia
Q584,address=Rieti
Q585,name=Janeczka
Q586,age=41
Q587,address=Modena
Q588,occupation=Mail Superintendent
Q589,address=Massa-Carrara
Q590,age=35
Q591,age=45
Q592,occupation=Legal Secretary
Q593,address=Benevento
Q594,address=Alessandria
Q595,address=Monza e della Brianza
Q596,address=Vibo Valentia
Q597,address=Genova
Q598,occupation=Retail Salesperson
Q599,name=Othilie
Q600,address=Parma
Q601,address=Massa-Carrara
Q602,age=61
Q603,address=Imperia
Q604,age=74
Q605,occupation=Technician
Q606,age=56
Q607,age=60
Q608,address=Pesaro e Urbino
Q609,age=46
Q610,address=Sassari
Q611,age=25
Q612,name=Darlene
Q613,address=Rovigo
Q614,address=Siena
Q615,address=Chieti
Q616,occupation=Pediatrician
Q617,age=87
Q618,age=93
Q619,age=43
Q620,address=Savona
Q621,age=21
Q622,age=27
Q623,occupation=Parts Salesperson
Q624,age=34
Q625,age=32
Q626,address=Ascoli Piceno
Q627,address=Bologna
Q628,address=Foggia
Q629,occupation=Repairer
Q630,age=92
Q631,age=78
Q632,occupation=Clinical
Q633,age=39
Q634,occupation=Mail Superintendent
Q635,occupation=Personal Care and Service Worker
Q636,address=Novara
Q637,occupation=Software Developer
Q638,occupation=Chauffeur
Q639,address=Macerata
Q640,age=51
Q641,occupation=Musical Instrument Repairer
Q642,address=Ancona
Q643,occupation=Office and Administrative Support Worker
Q644,age=91
Q645,age=45
Q646,address=Cremona,occupation=Medical Secretary
Q647,address=Savona
Q648,occupation=Mathematical Science Teacher
Q649,address=Taranto
Q650,occupation=Civil Engineer
Q651,age=87
Q652,address=Teramo
Q653,age=67
Q654,name=Oralia
Q655,age=67
Q656,address=Imperia
Q657,address=Livorno,age=40
Q658,age=66
Q659,age=68
Q660,age=49
Q661,occupation=Repairer
Q662,address=Treviso
Q663,address=Torino
Q664,occupation=Library Technician
Q665,address=Barletta-Andria-Trani
Q666,age=88
Q667,address=Nuoro
Q668,age=87
Q669,address=Vercelli
Q670,occupation=Forest and Conservation Worker
Q671,age=46
Q672,name=Alyson
Q673,address=Potenza
Q674,occupation=Cartographer
Q675,address=Treviso
Q676,address=Pavia
Q677,address=Napoli
Q678,age=63
Q679,address=Pescara
Q680,age=87
Q681,age=56
Q682,occupation=Cutting and Slicing Machine Setter
Q683,occupation=Building and Grounds Cleaning and Maintenance Occupation
Q684,occupation=Purchasing Agent
Q685,occupation=Athletic Trainer
Q686,address=Como
Q687,occupation=Animal Scientist
Q688,age=27
Q689,age=32
Q690,address=Siracusa
Q691,occupation=Chemical Equipment Operator
Q692,occupation=Concierge
Q693,address=Ragusa
Q694,age=66
Q695,address=Salerno
Q696,address=Foggia
Q697,address=Fermo
Q698,address=Chieti
Q699,age=70
Q700,address=Parma
Q701,occupation=Team Assembler
Q702,occupation=Locomotive Firer
Q703,occupation=Chemistry Teacher
Q704,occupation=Safe Repairer
Q705,occupation=Business Teacher
Q706,age=46
Q707,occupation=Chauffeur
Q708,age=55
Q709,age=87
Q710,occupation=Assembler
Q711,age=52
Q712,address=Lodi
Q713,address=Brescia
Q714,address=Pisa
Q715,occupation=Business Teacher
Q716,age=93
Q717,address=Lecco
Q718,age=47
Q719,occupation=Property
Q720,age=80
Q721,address=Fermo,age=68
Q722,age=20
Q723,address=Crotone,age=23
Q724,address=Savona
Q725,address=Ragusa
Q726,age=68
Q727,occupation=Sheet Metal Worker
Q728,age=57
Q729,occupation=Engineering Teacher
Q730,name=Molli
Q731,address=Cremona
Q732,age=68
Q733,address=Sondrio,age=94
Q734,age=52
Q735,address=Vibo Valentia
Q736,occupation=Septic Tank Servicer
Q737,age=50
Q738,name=Elysia
Q739,address=Bolzano
Q740,age=50
Q741,age=21
Q742,occupation=Title Examiner
Q743,occupation=Tile and Marble Setter
Q744,age=33
Q745,age=76,occupation=Broadcast Technician
Q746,address=Venezia
Q747,age=55
Q748,age=76
Q749,occupation=Chemical Plant and System Operator
Q750,age=71
Q751,age=37
Q752,age=27
Q753,address=Trento
Q754,occupation=Furniture Finisher
Q755,age=20
Q756,age=22
Q757,age=37
Q758,occupation=Diagnostic Medical Sonographer
Q759,age=82
Q760,occupation=Fiberglass Laminator
Q761,address=Ascoli Piceno
Q762,address=Barletta-Andria-Trani
Q763,occupation=Multiple Machine Tool Setter
Q764,occupation=Child
Q765,address=Medio Campidano
Q766,age=45
Q767,occupation=Boilermaker
Q768,age=80
Q769,occupation=Speech-Language Pathologist
Q770,age=53
Q771,occupation=Structural Metal Fabricator
Q772,name=Berthe
Q773,age=91
Q774,name=Bonny
Q775,age=72
Q776,age=19
Q777,occupation=Legal Assistant
Q778,age=41
Q779,age=94
Q780,name=Idette
Q781,age=67
Q782,age=58
Q783,address=Monza e della Brianza
Q784,address=Monza e della Brianza
Q785,address=Potenza,age=25
Q786,age=34
Q787,address=Verbano-Cusio-Ossola
Q788,age=45
Q789,address=Gorizia
Q790,age=86
Q791,address=Vicenza
Q792,age=54
Q793,address=Potenza
Q794,occupation=Emergency Management Director
Q795,address=Pesaro e Urbino,age=72
Q796,occupation=Lifeguard
Q797,occupation=Zoologist
Q798,age=51
Q799,name=Phillie
Q800,age=27
Q801,age=48
Q802,address=Modena,age=32
Q803,address=Belluno
Q804,address=Palermo
Q805,address=Massa-Carrara
Q806,address=Napoli,age=86
Q807,name=Saba
Q808,address=Genova
Q809,age=44
Q810,occupation=Millwright
Q811,age=70
Q812,age=46
Q813,age=69
Q814,name=Esta
Q815,address=Pescara
Q816,name=Helen-Elizabeth
Q817,age=93
Q818,occupation=Housekeeping Cleaner
Q819,address=L'Aquila
Q820,age=87
Q821,age=64
Q822,occupation=Scout
Q823,name=Shauna
Q824,age=66
Q825,occupation=Compensation and Benefits Manager
Q826,age=50
Q827,occupation=Cutting and Slicing Machine Setter
Q828,age=68
Q829,age=81
Q830,address=Pisa
Q831,occupation=Translator
Q832,address=Gorizia,age=72
Q833,address=Verona
Q834,address=Palermo
Q835,address=Trapani
Q836,age=95
Q837,occupation=Audio and Video Equipment Technician
Q838,age=66
Q839,address=Trieste
Q840,age=46
Q841,occupation=Landscape Architect
Q842,occupation=Administrative Assistant
Q843,address=Prato
Q844,address=Medio Campidano
Q845,address=Palermo
Q846,address=Viterbo
Q847,age=58
Q848,address=Caltanissetta
Q849,name=Nellie
Q850,address=Ancona
Q851,occupation=Health Educator
Q852,age=69
Q853,age=78
Q854,age=31
Q855,address=Palermo
Q856,occupation=Baker
Q857,age=73
Q858,address=Piacenza
Q859,occupation=Instructor
Q860,address=Monza e della Brianza,age=62
Q861,occupation=Farmer
Q862,address=Genova
Q863,age=24
Q864,address=Fermo
Q865,address=Foggia,age=49
Q866,age=20
Q867,address=Cuneo
Q868,age=46
Q869,age=54
Q870,address=Parma
Q871,name=Lolly
Q872,address=Caltanissetta
Q873,occupation=Tender
Q874,address=Pisa
Q875,address=Terni
Q876,age=23
Q877,occupation=Floor Layer
Q878,age=75
Q879,age=36
Q880,address=Ogliastra,age=33
Q881,occupation=Timing Device Assembler
Q882,address=Frosinone
Q883,age=92
Q884,age=43
Q885,address=Arezzo
Q886,occupation=Repairer
Q887,occupation=Curator
Q888,age=77
Q889,age=35
Q890,occupation=Locomotive Engineer
Q891,address=Piacenza,age=69
Q892,age=81
Q893,address=Prato
Q894,address=Perugia
Q895,age=41
Q896,name=Oralia
Q897,age=65
Q898,age=22
Q899,address=Pordenone
Q900,age=63
Q901,occupation=Purchasing Agent
Q902,address=Treviso
Q903,age=58
Q904,age=28
Q905,name=Norene
Q906,address=Lucca
Q907,address=Bolzano
Q908,age=56
Q909,address=Bergamo
Q910,occupation=Medical Appliance Technician
Q911,address=Crotone
Q912,address=Cuneo
Q913,occupation=Locomotive Firer
Q914,occupation=Hydrologist
Q915,occupation=Tile and Marble Setter
Q916,age=32
Q917,occupation=Psychology Teacher
Q918,occupation=Medical Appliance Technician
Q919,address=Udine
Q920,occupation=Bookkeeping
Q921,age=59
Q922,address=Cosenza,age=46
Q923,address=Verbano-Cusio-Ossola
Q924,age=38
Q925,age=80
Q926,age=85
Q927,address=Agrigento
Q928,address=Ancona
Q929,address=Verona
Q930,age=43
Q931,occupation=Audio and Video Equipment Technician
Q932,address=Benevento
Q933,occupation=Sewer
Q934,age=54
Q935,address=Cagliari
Q936,address=Brescia
Q937,age=34
Q938,age=70
Q939,address=Rimini
Q940,address=Rovigo,age=45
Q941,occupation=Environmental Scientist
Q942,name=Corene
Q943,age=87
Q944,age=43
Q945,address=Verona
Q946,address=Medio Campidano
Q947,age=80
Q948,occupation=Farmworker
Q949,address=Reggio Emilia
Q950,address=Prato
Q951,age=65
Q952,age=62
Q953,occupation=Performer
Q954,age=75
Q955,address=Lecce
Q956,address=Alessandria
Q957,occupation=Investigator
Q958,age=52
Q959,address=Aosta
Q960,occupation=Real Estate Broker
Q961,occupation=Dentist
Q962,address=Como
Q963,address=Catanzaro
Q964,address=Pistoia
Q965,age=87
Q966,name=Cinderella
Q967,occupation=Vocational Education Teacher
Q968,age=57
Q969,name=Gilligan
Q970,occupation=Survey Researcher
Q971,name=Bette-Ann
Q972,address=Ancona
Q973,name=Rosana
Q974,occupation=Administrative Law Judge
Q975,occupation=Food Preparation Worker
Q976,occupation=Oral and Maxillofacial Surgeon
Q977,age=20
Q978,occupation=Home Economics Teacher
Q979,address=Salerno
Q980,address=Grosseto
Q981,address=Rovigo
Q982,address=Biella
Q983,occupation=Gaming and Sports Book Writer
Q984,occupation=Metal-Refining Furnace Operator
Q985,address=Matera
Q986,address=Belluno
Q987,address=Pordenone
Q988,address=Cremona,age=93
Q989,address=Como,age=59
Q990,address=Imperia
Q991,occupation=Psychiatric Aide
Q992,name=Dorelle
Q993,age=38
Q994,name=Camila
Q995,age=35
Q996,address=Padova
Q997,address=Parma
Q998,address=Pesaro e Urbino
Q999,address=Trieste
Q1000,address=Bergamo
